https://youtu.be/e9Pyl-LcwDY,
https://youtu.be/YE5ygODpgKc,
https://youtu.be/Y47bzEeMuXw,
https://youtu.be/cV5ZrZueSBo,
https://youtu.be/uoODFjGHaBI,
https://youtu.be/IgGKoUpgA3Q,
https://youtu.be/_MQ5XbqwcBY,
https://youtu.be/jgyShFzdB_Q,
https://youtu.be/4xH92yY4IFY,
https://youtu.be/es-y1LDErOc,
https://youtu.be/6HQgXzyw-Fo,
https://youtu.be/CpHkMZxNLV0,
https://youtu.be/I-YYZiJvwpc,
https://youtu.be/lb_e3xpkRnw,
https://youtu.be/d3clrkLNTSA,
https://youtu.be/MV9H6dIWohk,
https://youtu.be/1iz0hWutS74,
https://youtu.be/-L9M667JcaU,
https://youtu.be/-3WAAsXfADQ,
https://youtu.be/7GlsxNI4LVI,
https://youtu.be/by2pM_0Sf8c,
https://youtu.be/tSl0KjR5V9Q,
https://youtu.be/zSi0dh4FFPI,
https://youtu.be/Vp6_Rjxs9U8,
https://youtu.be/FG1J_WAO2gY,
https://youtu.be/4FgHkfi-9Cs,
https://youtu.be/3A1e-NyR4cg,
https://youtu.be/Cq7vKWK3FIU,
https://youtu.be/2mHLhkSYLJE,
https://youtu.be/WAN6oZeCV1M,
